﻿{"cameraMode":{"drawMode":0,"name":"Shaded","section":"Shading Mode"},"sceneLighting":true,"audioPlay":false,"sceneViewState":{"showFog":true,"showMaterialUpdate":false,"showSkybox":true,"showFlares":true,"showImageEffects":true,"showParticleSystems":true},"in2DMode":false,"pivot":{"x":2.085836410522461,"y":31.53809928894043,"z":18.1667423248291},"rotation":{"x":0.06951247900724411,"y":-0.9296833872795105,"z":0.2349124252796173,"w":0.2750963270664215},"size":9.525262832641602,"orthographic":false}